,accommodationId,convenience
0,1,[]
1,2,[]
2,3,[]
3,4,[]
4,5,[]
5,6,[]
6,7,[]
7,8,[]
8,9,[]
9,10,[]
10,11,[]
11,12,[]
12,13,[]
13,14,[]
14,15,[]
15,16,[]
16,17,[]
17,18,[]
18,19,[]
19,20,[]
20,21,[]
21,22,[]
22,23,[]
23,24,[]
24,25,[]
25,26,[]
26,27,[]
27,28,[]
28,29,[]
29,30,[]
30,31,[]
31,32,[]
32,33,[]
33,34,[]
34,35,[]
35,36,[]
36,37,[]
37,38,[]
38,39,[]
39,40,[]
40,41,[]
41,42,[]
42,43,[]
43,44,[]
44,45,[]
45,46,[]
46,47,[]
47,48,[]
48,49,[]
49,50,[]
50,51,[]
51,52,[]
52,53,[]
53,54,[]
54,55,[]
55,56,[]
56,57,[]
57,58,[]
58,59,[]
59,60,[]
60,61,[]
61,62,[]
62,63,[]
63,64,[]
64,65,[]
65,66,[]
66,67,[]
67,68,[]
68,69,[]
69,70,[]
70,71,[]
71,72,[]
72,73,[]
73,74,[]
74,75,[]
75,76,[]
76,77,[]
77,78,[]
78,79,[]
79,80,[]
80,81,[]
81,82,[]
82,83,[]
83,84,[]
84,85,[]
85,86,[]
86,87,[]
87,88,[]
88,89,[]
89,90,[]
90,91,[]
91,92,[]
92,93,[]
93,94,[]
94,95,"['피트니스', '레스토랑', '와이파이', '욕실용품', '엘레베이터', '금연', '카페', '주차장', 'TV', '에어컨', '냉장고', '드라이기', '카드결제']"
95,96,"['피트니스', '레스토랑', '와이파이', '욕실용품', '발렛파킹', '엘레베이터', '짐보관가능', '금연', '카페', '세탁기', '건조기', '주차장', 'TV', '에어컨', '냉장고', '객실샤워실', '드라이기', '카드결제']"
96,97,"['레스토랑', '와이파이', '욕실용품', '금연', '카페', '세탁기', '건조기', 'TV', '에어컨', '냉장고', '객실샤워실', '드라이기']"
97,98,"['피트니스', '레스토랑', '와이파이', '욕실용품', '미니바', '금연', '라운지', '주차장', 'TV', '에어컨', '객실샤워실', '장애인편의시설']"
98,99,"['레스토랑', '와이파이', '욕실용품', '엘레베이터', '금연', '카페', '주차장', 'TV', '에어컨', '냉장고', '객실샤워실', '드라이기']"
99,100,"['피트니스', '레스토랑', '와이파이', '욕실용품', '엘레베이터', '짐보관가능', '금연', '무료주차', '라운지', '세탁기', '건조기', '주차장', 'TV', '에어컨', '냉장고', '객실샤워실', '드라이기', '카드결제']"
100,101,"['레스토랑', '와이파이', '욕실용품', '반려견동반', '금연', '카페', 'TV', '장애인편의시설']"
101,102,"['레스토랑', '와이파이', '욕실용품', '미니바', '발렛파킹', '엘레베이터', '금연', '주차장', '장애인편의시설']"
102,103,"['피트니스', '레스토랑', '와이파이', '욕실용품', '금연', '주차장', 'TV', '에어컨', '냉장고', '객실샤워실', '드라이기']"
103,104,"['피트니스', '수영장', '사우나', '레스토랑', '와이파이', '욕실용품', '발렛파킹', '엘레베이터', '짐보관가능', '금연', '무료주차', '라운지', '주차장', 'TV', '에어컨', '냉장고', '객실샤워실', '드라이기', '카드결제']"
104,105,"['피트니스', '레스토랑', '와이파이', '욕실용품', '미니바', '엘레베이터', '금연', '카페', '주방/식당', '세탁기', '건조기', '주차장', '취사가능', 'TV', '에어컨', '냉장고', '객실샤워실', '드라이기', '장애인편의시설']"
105,106,"['피트니스', '사우나', '레스토랑', '와이파이', '욕실용품', '발렛파킹', '금연', '라운지', '주차장', 'TV', '에어컨', '냉장고', '객실샤워실', '드라이기']"
106,107,"['피트니스', '수영장', '사우나', '골프장', '레스토랑', '와이파이', '욕실용품', '미니바', '발렛파킹', '금연', '무료주차', '라운지', 'TV', '장애인편의시설']"
107,108,"['피트니스', '와이파이', '욕실용품', '엘레베이터', '프린터사용', '금연', '공용PC', '카페', '세탁기', '건조기', '주차장', 'TV', '에어컨', '냉장고', '객실샤워실', '드라이기', '다리미', '카드결제']"
108,109,"['피트니스', '수영장', '사우나', '레스토랑', '와이파이', '욕실용품', '미니바', '엘레베이터', '금연', '카페', '주차장', 'TV', '에어컨', '냉장고', '욕조', '카드결제', '장애인편의시설']"
109,110,"['피트니스', '수영장', '레스토랑', '와이파이', '욕실용품', '미니바', '발렛파킹', '엘레베이터', '짐보관가능', '금연', '무료주차', '카페', '편의점', '주차장', 'TV', '에어컨', '냉장고', '객실샤워실', '드라이기', '다리미', '장애인편의시설']"
110,111,"['피트니스', '수영장', '레스토랑', '와이파이', '욕실용품', '미니바', '발렛파킹', '짐보관가능', '금연', '주차장', 'TV', '에어컨', '냉장고', '객실샤워실', '욕조', '드라이기', '다리미']"
111,112,"['피트니스', '레스토랑', '와이파이', '욕실용품', '미니바', '조식포함', '엘레베이터', '금연', '카페', '주차장', 'TV', '장애인편의시설']"
112,113,"['피트니스', '레스토랑', '와이파이', '욕실용품', '엘레베이터', '짐보관가능', '금연', '세탁기', '건조기', '주차장', 'TV', '에어컨', '냉장고', '객실샤워실', '카드결제']"
113,114,"['사우나', '레스토랑', '와이파이', '엘레베이터', '짐보관가능', '금연', '세탁기', '주차장', 'TV', '에어컨', '냉장고', '객실샤워실', '카드결제', '장애인편의시설']"
114,115,"['피트니스', '레스토랑', '와이파이', '욕실용품', '엘레베이터', '짐보관가능', '금연', '무료주차', '카페', '세탁기', '건조기', '주차장', 'TV', '에어컨', '냉장고', '욕조', '드라이기', '카드결제']"
115,116,"['와이파이', '반려견동반', '객실내취사', '금연', '무료주차', 'TV', '에어컨', '냉장고', '드라이기']"
116,117,"['피트니스', '레스토랑', '와이파이', '욕실용품', '미니바', '금연', 'TV', '객실샤워실', '장애인편의시설']"
117,118,"['레스토랑', '와이파이', '욕실용품', '금연', '주차장', 'TV', '객실샤워실', '장애인편의시설']"
118,119,"['레스토랑', '와이파이', '욕실용품', '금연', '무료주차', '세미나실', '주차장', 'TV', '에어컨', '냉장고', '객실샤워실', '드라이기']"
119,120,"['피트니스', '레스토랑', '와이파이', '욕실용품', '미니바', '금연', '무료주차', '라운지', 'TV', '장애인편의시설']"
120,121,"['와이파이', '욕실용품', '객실내취사', '금연', '무료주차', '카페', 'TV', '객실샤워실']"
121,122,"['레스토랑', '와이파이', '욕실용품', '금연', '무료주차', '라운지', '세미나실', 'TV', '에어컨', '객실샤워실', '장애인편의시설']"
122,123,"['피트니스', '수영장', '사우나', '골프장', '레스토랑', '와이파이', '욕실용품', '객실내흡연', '반려견동반', '객실내취사', '금연', '무료주차', '주차장', 'TV', '객실샤워실', '드라이기', '다리미', '전기밥솥']"
123,124,"['와이파이', '욕실용품', '짐보관가능', '금연', '무료주차', '편의점', '주차장', 'TV', '에어컨', '냉장고', '객실샤워실', '욕조', '드라이기']"
124,125,"['와이파이', '욕실용품', '미니바', '금연', 'TV']"
125,126,"['레스토랑', '와이파이', '욕실용품', '짐보관가능', '금연', '무료주차', '라운지', '주차장', 'TV', '에어컨', '냉장고', '객실샤워실', '드라이기']"
126,127,"['와이파이', '욕실용품', '금연', 'TV']"
127,128,"['와이파이', '욕실용품', '짐보관가능', '금연', '무료주차', '주차장', 'TV', '에어컨', '냉장고', '객실샤워실', '욕조', '드라이기']"
128,129,"['와이파이', '욕실용품', '미니바', '객실내흡연', '무료주차', '주차장', 'TV', '에어컨', '냉장고', '객실샤워실', '드라이기']"
129,130,"['와이파이', '전기밥솥', '무료주차', 'BBQ', '주방/식당', '주차장', 'TV', '욕실용품', '에어컨', '냉장고', '객실샤워실', '욕조', '드라이기', '금연', '객실내취사', '캠프파이어']"
130,131,"['족구장', '와이파이', '픽업가능', '무료주차', 'BBQ', '주차장', 'TV', '에어컨', '객실샤워실', '금연', '반려견동반', '객실내취사']"
131,132,"['세미나실', '와이파이', '전기밥솥', '짐보관가능', '무료주차', 'BBQ', '라운지', '카페', '주방/식당', '주차장', '취사가능', 'TV', '욕실용품', '에어컨', '냉장고', '객실샤워실', '드라이기', '금연', '객실내취사', '카드결제', '전자레인지', '캠프파이어']"
132,133,"['수영장', '와이파이', '전기밥솥', '무료주차', 'BBQ', '주차장', 'TV', '욕실용품', '에어컨', '냉장고', '객실샤워실', '드라이기', '금연', '객실내취사']"
133,134,"['수영장', '와이파이', 'BBQ', 'TV', '욕실용품', '에어컨', '냉장고', '객실샤워실', '금연']"
134,135,"['와이파이', '전기밥솥', '무료주차', 'BBQ', '주차장', 'TV', '에어컨', '객실샤워실', '금연', '객실내취사', '객실스파']"
135,136,"['와이파이', '픽업가능', '전기밥솥', '무료주차', 'BBQ', '주차장', 'TV', '욕실용품', '에어컨', '냉장고', '객실샤워실', '드라이기', '금연', '반려견동반', '객실내취사']"
136,137,"['수영장', '노래방', '와이파이', '픽업가능', '전기밥솥', '무료주차', 'BBQ', '주차장', 'TV', '욕실용품', '에어컨', '객실샤워실', '드라이기', '금연', '객실내취사']"
137,138,"['수영장', '와이파이', '픽업가능', '전기밥솥', '무료주차', 'BBQ', '주차장', 'TV', '욕실용품', '에어컨', '객실샤워실', '드라이기', '금연', '객실내취사']"
138,139,"['수영장', '와이파이', '픽업가능', '전기밥솥', '무료주차', 'BBQ', '주차장', 'TV', '욕실용품', '에어컨', '객실샤워실', '드라이기', '금연', '반려견동반', '객실내취사', '객실스파']"
139,140,"['수영장', '와이파이', '픽업가능', '전기밥솥', '무료주차', 'BBQ', '주차장', '취사가능', 'TV', '욕실용품', '에어컨', '객실샤워실', '드라이기', '금연', '객실내취사', '전자레인지', '객실스파']"
140,141,"['수영장', '픽업가능', 'BBQ', 'TV', '욕실용품', '에어컨', '객실샤워실', '드라이기', '금연', '객실내취사']"
141,142,"['수영장', '와이파이', '픽업가능', '무료주차', 'BBQ', '카페', '주차장', 'TV', '욕실용품', '에어컨', '객실샤워실', '드라이기', '금연', '객실내취사']"
142,143,"['수영장', '와이파이', '무료주차', 'BBQ', '주차장', 'TV', '에어컨', '냉장고', '객실샤워실', '드라이기', '금연', '객실내취사', '객실스파']"
143,144,"['와이파이', '픽업가능', '무료주차', 'BBQ', '주차장', 'TV', '에어컨', '냉장고', '객실샤워실', '금연', '객실내취사', '객실스파']"
144,145,"['수영장', '와이파이', 'BBQ', '주차장', 'TV', '에어컨', '객실샤워실', '금연', '객실내취사']"
145,146,"['수영장', '와이파이', '전기밥솥', '무료주차', 'BBQ', '주차장', 'TV', '욕실용품', '에어컨', '객실샤워실', '금연', '객실내취사', '객실스파', '캠프파이어']"
146,147,"['수영장', '와이파이', '무료주차', 'BBQ', '주차장', 'TV', '욕실용품', '에어컨', '객실샤워실', '금연', '객실내취사']"
147,148,"['와이파이', '전기밥솥', '무료주차', 'BBQ', '주차장', 'TV', '욕실용품', '에어컨', '객실샤워실', '드라이기', '금연', '객실내취사', '객실스파']"
148,149,"['와이파이', '전기밥솥', '무료주차', 'BBQ', '주차장', 'TV', '욕실용품', '에어컨', '냉장고', '객실샤워실', '드라이기', '금연', '객실내취사', '객실스파']"
149,150,"['와이파이', '전기밥솥', '무료주차', 'BBQ', '주차장', 'TV', '욕실용품', '에어컨', '냉장고', '객실샤워실', '금연', '반려견동반', '객실내취사']"
150,151,"['와이파이', '전기밥솥', '무료주차', 'BBQ', '주차장', 'TV', '욕실용품', '에어컨', '냉장고', '객실샤워실', '욕조', '드라이기', '금연', '객실내취사', '객실스파']"
151,152,"['수영장', '무료주차', 'BBQ', '조식포함', 'TV', '에어컨', '객실샤워실', '금연', '반려견동반', '객실내취사']"
152,153,"['와이파이', '픽업가능', '무료주차', 'BBQ', '주차장', 'TV', '욕실용품', '에어컨', '냉장고', '객실샤워실', '드라이기', '금연', '객실내취사']"
153,154,"['족구장', '노래방', '와이파이', '전기밥솥', 'BBQ', 'TV', '에어컨', '냉장고', '객실샤워실', '드라이기', '금연', '객실내취사']"
154,155,"['수영장', '와이파이', '전기밥솥', '무료주차', 'BBQ', '주차장', 'TV', '욕실용품', '에어컨', '냉장고', '객실샤워실', '드라이기', '금연', '반려견동반', '객실내취사', '캠프파이어']"
155,156,"['세미나실', '노래방', '와이파이', '전기밥솥', '무료주차', 'BBQ', '주차장', 'TV', '욕실용품', '에어컨', '객실샤워실', '드라이기', '금연', '객실내취사']"
156,157,"['수영장', '족구장', '세미나실', '노래방', '와이파이', '픽업가능', '전기밥솥', 'BBQ', '레스토랑', '주방/식당', '주차장', 'TV', '욕실용품', '에어컨', '냉장고', '객실샤워실', '드라이기', '금연', '객실내취사', '전자레인지']"
157,158,"['와이파이', '전기밥솥', '무료주차', 'BBQ', '주차장', 'TV', '욕실용품', '에어컨', '냉장고', '객실샤워실', '드라이기', '금연', '객실내취사']"
158,159,"['수영장', '와이파이', '전기밥솥', '무료주차', 'BBQ', '카페', '골프장', 'TV', '욕실용품', '에어컨', '냉장고', '객실샤워실', '드라이기', '금연', '객실내취사', '전자레인지', '객실스파']"
159,160,"['와이파이', '픽업가능', '전기밥솥', '무료주차', 'BBQ', '주차장', 'TV', '에어컨', '냉장고', '객실샤워실', '드라이기', '금연', '객실내취사', '전자레인지']"
160,161,"['수영장', '와이파이', '픽업가능', '전기밥솥', 'BBQ', 'TV', '에어컨', '냉장고', '객실샤워실', '드라이기', '금연', '객실내취사', '캠프파이어']"
161,162,"['와이파이', '픽업가능', '전기밥솥', '무료주차', 'BBQ', '주차장', 'TV', '에어컨', '객실샤워실', '금연', '반려견동반', '객실내취사']"
162,163,"['수영장', '와이파이', '전기밥솥', '무료주차', 'BBQ', '주방/식당', '놀이방', '탈수기', '주차장', '취사가능', 'TV', '욕실용품', '미니바', '에어컨', '냉장고', '객실샤워실', '욕조', '드라이기', '금연', '반려견동반', '객실내취사', '카드결제', '전자레인지', '객실스파', '캠프파이어']"
163,164,"['와이파이', '전기밥솥', '무료주차', 'BBQ', '주차장', 'TV', '욕실용품', '에어컨', '냉장고', '객실샤워실', '드라이기', '금연', '객실내취사']"
164,165,"['와이파이', '픽업가능', '전기밥솥', '무료주차', 'BBQ', '카페', '주방/식당', '주차장', 'TV', '에어컨', '냉장고', '객실샤워실', '드라이기', '금연', '객실내취사']"
165,166,"['수영장', '족구장', '세미나실', '노래방', '와이파이', '픽업가능', '전기밥솥', 'BBQ', '카페', 'TV', '욕실용품', '에어컨', '냉장고', '객실샤워실', '욕조', '드라이기', '금연', '객실내취사', '캠프파이어']"
166,167,"['와이파이', '전기밥솥', '짐보관가능', '무료주차', 'BBQ', '조식포함', '주방/식당', '주차장', '취사가능', 'TV', '욕실용품', '냉장고', '객실샤워실', '드라이기', '금연', '객실내취사', '전자레인지', '객실스파', '캠프파이어']"
167,168,"['와이파이', '전기밥솥', '무료주차', 'BBQ', '주차장', 'TV', '욕실용품', '에어컨', '객실샤워실', '드라이기', '금연', '반려견동반', '객실내취사', '객실스파']"
168,169,"['전기밥솥', 'BBQ', 'TV', '에어컨', '냉장고', '객실샤워실', '드라이기', '금연', '객실내취사', '캠프파이어']"
169,170,"['수영장', '족구장', '노래방', '와이파이', '전기밥솥', '무료주차', 'BBQ', '주차장', 'TV', '욕실용품', '에어컨', '냉장고', '객실샤워실', '드라이기', '금연', '객실내취사']"
170,171,"['수영장', '족구장', '세미나실', '와이파이', '픽업가능', '전기밥솥', '무료주차', 'BBQ', '주차장', 'TV', '욕실용품', '에어컨', '냉장고', '객실샤워실', '드라이기', '금연', '객실내취사', '객실스파']"
171,172,"['수영장', '와이파이', '픽업가능', '전기밥솥', '무료주차', 'BBQ', '주차장', 'TV', '욕실용품', '에어컨', '냉장고', '객실샤워실', '드라이기', '금연', '객실내취사']"
172,173,"['수영장', '족구장', '와이파이', '전기밥솥', '무료주차', 'BBQ', '주차장', 'TV', '욕실용품', '에어컨', '객실샤워실', '금연', '객실내취사']"
173,174,"['족구장', '와이파이', '무료주차', 'BBQ', '주차장', 'TV', '욕실용품', '에어컨', '냉장고', '객실샤워실', '드라이기', '금연', '객실내취사']"
174,175,"['수영장', '족구장', '와이파이', '픽업가능', '전기밥솥', 'BBQ', 'TV', '에어컨', '냉장고', '객실샤워실', '드라이기', '금연', '객실내취사']"
175,176,"['픽업가능', '무료주차', 'BBQ', '주차장', 'TV', '에어컨', '객실샤워실', '금연', '객실내취사']"
176,177,"['와이파이', '전기밥솥', '무료주차', '주차장', 'TV', '에어컨', '냉장고', '객실샤워실', '드라이기', '금연', '객실내취사']"
177,178,"['수영장', '와이파이', '전기밥솥', '무료주차', 'BBQ', '주차장', 'TV', '에어컨', '객실샤워실', '드라이기', '금연', '반려견동반', '객실내취사']"
178,179,"['족구장', '세미나실', '노래방', '와이파이', 'BBQ', 'TV', '에어컨', '냉장고', '객실샤워실', '금연', '객실내취사']"
179,180,"['수영장', '족구장', '와이파이', '전기밥솥', '무료주차', 'BBQ', '주차장', 'TV', '에어컨', '객실샤워실', '금연', '객실내취사']"
180,181,"['수영장', '족구장', '와이파이', '픽업가능', '무료주차', 'BBQ', '주차장', 'TV', '에어컨', '객실샤워실', '드라이기', '객실내취사', '캠프파이어']"
181,182,"['수영장', '픽업가능', '전기밥솥', 'BBQ', '주방/식당', 'TV', '욕실용품', '에어컨', '객실샤워실', '드라이기', '금연', '객실내취사', '객실스파']"
182,183,"['수영장', '와이파이', '픽업가능', 'BBQ', 'TV', '에어컨', '냉장고', '객실샤워실', '금연', '객실내취사']"
183,184,"['수영장', '와이파이', '픽업가능', '전기밥솥', '무료주차', 'BBQ', '주차장', 'TV', '욕실용품', '에어컨', '객실샤워실', '금연', '객실내취사', '객실스파']"
184,185,"['와이파이', '픽업가능', '전기밥솥', 'BBQ', 'TV', '욕실용품', '에어컨', '냉장고', '객실샤워실', '금연', '객실내취사']"
185,186,"['와이파이', '픽업가능', '전기밥솥', '무료주차', 'BBQ', '주차장', 'TV', '욕실용품', '에어컨', '객실샤워실', '드라이기', '금연', '객실내취사', '객실스파']"
186,187,"['전기밥솥', 'BBQ', 'TV', '욕실용품', '에어컨', '객실샤워실', '금연', '객실내취사']"
187,188,"['수영장', '와이파이', '픽업가능', '전기밥솥', 'BBQ', '주방/식당', 'TV', '욕실용품', '에어컨', '냉장고', '객실샤워실', '금연', '객실내취사']"
188,189,"['수영장', '족구장', '세미나실', '와이파이', '픽업가능', '전기밥솥', 'BBQ', 'TV', '욕실용품', '에어컨', '냉장고', '객실샤워실', '드라이기', '금연', '객실내취사']"
189,190,"['수영장', '와이파이', '전기밥솥', '무료주차', 'BBQ', '라운지', '카페', '주차장', 'TV', '욕실용품', '에어컨', '냉장고', '객실샤워실', '드라이기', '객실내취사', '카드결제']"
190,191,"['와이파이', '전기밥솥', '무료주차', 'BBQ', '주차장', 'TV', '욕실용품', '에어컨', '냉장고', '객실샤워실', '욕조', '드라이기', '금연', '객실내취사']"
191,192,"['수영장', '와이파이', '전기밥솥', '무료주차', 'BBQ', '주차장', 'TV', '욕실용품', '에어컨', '냉장고', '객실샤워실', '욕조', '드라이기', '금연', '객실내취사', '객실스파']"
192,193,"['수영장', '픽업가능', '전기밥솥', 'BBQ', 'TV', '욕실용품', '객실샤워실', '드라이기', '금연', '객실내취사']"
193,194,"['족구장', '노래방', '와이파이', '픽업가능', '무료주차', 'BBQ', '주차장', 'TV', '에어컨', '냉장고', '객실샤워실', '드라이기', '금연', '객실내취사']"
194,195,"['족구장', '노래방', '와이파이', '무료주차', 'BBQ', '주차장', 'TV', '에어컨', '냉장고', '객실샤워실', '금연', '객실내취사']"
195,196,"['와이파이', '전기밥솥', '무료주차', 'BBQ', '주차장', 'TV', '에어컨', '냉장고', '객실샤워실', '드라이기', '금연', '반려견동반', '객실내취사']"
196,197,"['수영장', '족구장', '노래방', '와이파이', '무료주차', 'BBQ', '주차장', 'TV', '에어컨', '냉장고', '객실샤워실', '드라이기', '금연', '객실내취사', '캠프파이어']"
197,198,"['노래방', '와이파이', '전기밥솥', '무료주차', 'BBQ', '주차장', 'TV', '욕실용품', '에어컨', '냉장고', '객실샤워실', '금연', '객실내취사']"
198,199,"['세미나실', '와이파이', '픽업가능', '전기밥솥', 'BBQ', '주방/식당', 'TV', '욕실용품', '에어컨', '객실샤워실', '드라이기', '금연', '객실내취사', '객실스파']"
199,200,"['와이파이', '전기밥솥', 'BBQ', '카페', '주방/식당', 'TV', '욕실용품', '에어컨', '냉장고', '객실샤워실', '드라이기', '금연', '객실내취사']"
200,201,"['수영장', '족구장', '와이파이', '전기밥솥', 'BBQ', '주차장', 'TV', '욕실용품', '에어컨', '냉장고', '객실샤워실', '드라이기', '금연', '반려견동반', '객실내취사', '캠프파이어']"
201,202,"['수영장', '와이파이', '픽업가능', '전기밥솥', '짐보관가능', '무료주차', 'BBQ', '라운지', '카페', '탈수기', '주차장', 'TV', '욕실용품', '에어컨', '냉장고', '객실샤워실', '욕조', '드라이기', '금연', '객실내취사', '카드결제', '객실스파']"
202,203,"['족구장', '노래방', '와이파이', '무료주차', 'BBQ', '주방/식당', '주차장', 'TV', '에어컨', '냉장고', '객실샤워실', '금연', '객실내취사']"
203,204,"['와이파이', '픽업가능', '전기밥솥', 'BBQ', 'TV', '에어컨', '냉장고', '객실샤워실', '드라이기', '금연', '객실내취사']"
204,205,"['와이파이', '전기밥솥', '무료주차', 'BBQ', '주차장', 'TV', '욕실용품', '에어컨', '냉장고', '객실샤워실', '금연', '객실내취사']"
205,206,"['노래방', '와이파이', '전기밥솥', '무료주차', 'BBQ', '놀이방', '세탁기', 'TV', '욕실용품', '에어컨', '냉장고', '객실샤워실', '드라이기', '금연', '객실내취사', '카드결제', '전자레인지']"
206,207,"['수영장', '와이파이', '픽업가능', '전기밥솥', '무료주차', 'BBQ', '카페', '주방/식당', '주차장', 'TV', '욕실용품', '미니바', '에어컨', '냉장고', '객실샤워실', '드라이기', '금연', '객실내취사', '카드결제', '전자레인지', '객실스파']"
207,208,"['픽업가능', '전기밥솥', 'BBQ', 'TV', '욕실용품', '에어컨', '냉장고', '객실샤워실', '드라이기', '금연', '객실내취사']"
208,209,"['수영장', '와이파이', '픽업가능', '전기밥솥', '무료주차', 'BBQ', '주차장', 'TV', '욕실용품', '에어컨', '객실샤워실', '드라이기', '금연', '객실내취사']"
209,210,"['수영장', '와이파이', '전기밥솥', '무료주차', 'BBQ', '카페', '주차장', '욕실용품', '에어컨', '냉장고', '객실샤워실', '드라이기', '금연', '객실내취사', '캠프파이어']"
210,211,"['수영장', '족구장', '와이파이', '전기밥솥', '무료주차', 'BBQ', '주차장', 'TV', '욕실용품', '에어컨', '냉장고', '객실샤워실', '드라이기', '금연', '객실내취사']"
211,212,"['수영장', '족구장', '노래방', '와이파이', '전기밥솥', 'BBQ', 'TV', '욕실용품', '에어컨', '냉장고', '객실샤워실', '드라이기', '금연', '객실내취사', '캠프파이어']"
212,213,"['족구장', '와이파이', '전기밥솥', '무료주차', 'BBQ', '주차장', 'TV', '욕실용품', '에어컨', '냉장고', '객실샤워실', '드라이기', '금연', '객실내취사']"
213,214,"['수영장', '족구장', '와이파이', '전기밥솥', '무료주차', 'BBQ', '주차장', 'TV', '욕실용품', '에어컨', '냉장고', '객실샤워실', '금연', '객실내취사']"
214,215,"['수영장', '와이파이', '픽업가능', '전기밥솥', 'BBQ', 'TV', '욕실용품', '에어컨', '냉장고', '객실샤워실', '드라이기', '금연', '객실내취사']"
215,216,"['와이파이', '전기밥솥', '무료주차', 'BBQ', 'TV', '욕실용품', '냉장고', '객실샤워실', '드라이기', '금연', '객실내취사', '객실스파']"
216,217,"['수영장', '와이파이', '전기밥솥', '무료주차', 'BBQ', '주차장', 'TV', '욕실용품', '에어컨', '객실샤워실', '금연', '반려견동반', '객실내취사']"
217,218,"['족구장', '와이파이', '전기밥솥', '무료주차', 'BBQ', '주차장', 'TV', '욕실용품', '에어컨', '냉장고', '객실샤워실', '드라이기', '금연', '객실내취사', '전자레인지', '캠프파이어']"
218,219,"['노래방', '와이파이', 'BBQ', 'TV', '에어컨', '냉장고', '객실샤워실', '드라이기', '금연', '객실내취사']"
219,220,"['와이파이', '픽업가능', '전기밥솥', '무료주차', 'BBQ', '주차장', 'TV', '욕실용품', '에어컨', '냉장고', '객실샤워실', '드라이기', '금연', '객실내취사']"
220,221,"['수영장', '족구장', '와이파이', '전기밥솥', '무료주차', 'BBQ', '주차장', 'TV', '욕실용품', '에어컨', '냉장고', '객실샤워실', '금연', '객실내취사']"
221,222,"['전기밥솥', 'BBQ', 'TV', '욕실용품', '에어컨', '냉장고', '객실샤워실', '드라이기', '금연', '객실내취사', '캠프파이어']"
222,223,"['와이파이', '전기밥솥', '무료주차', 'BBQ', '주방/식당', '주차장', 'TV', '욕실용품', '에어컨', '냉장고', '객실샤워실', '금연', '객실내취사', '캠프파이어']"
223,224,"['와이파이', '주차장', 'TV', '에어컨', '객실샤워실', '금연', '객실내취사']"
224,225,"['전기밥솥', '무료주차', 'BBQ', '주방/식당', '주차장', '취사가능', 'TV', '욕실용품', '에어컨', '냉장고', '객실샤워실', '금연', '객실내취사']"
225,226,"['노래방', '와이파이', '픽업가능', '전기밥솥', '무료주차', 'BBQ', '주차장', 'TV', '욕실용품', '에어컨', '객실샤워실', '금연', '객실내취사']"
226,227,"['수영장', '픽업가능', '전기밥솥', 'BBQ', 'TV', '욕실용품', '에어컨', '냉장고', '객실샤워실', '드라이기', '금연', '객실내취사', '객실스파']"
227,228,"['전기밥솥', 'BBQ', 'TV', '욕실용품', '에어컨', '냉장고', '객실샤워실', '금연', '객실내취사']"
228,229,"['족구장', '와이파이', '픽업가능', '전기밥솥', 'BBQ', 'TV', '욕실용품', '에어컨', '냉장고', '객실샤워실', '드라이기', '금연', '객실내취사']"
229,230,"['수영장', '픽업가능', '전기밥솥', '무료주차', 'BBQ', '주차장', 'TV', '욕실용품', '에어컨', '냉장고', '객실샤워실', '드라이기', '금연', '객실내취사']"
230,231,"['족구장', '와이파이', '전기밥솥', '무료주차', 'BBQ', '주차장', 'TV', '욕실용품', '에어컨', '냉장고', '객실샤워실', '드라이기', '금연', '객실내취사', '전자레인지']"
231,232,"['무료주차', 'BBQ', '주차장', 'TV', '욕실용품', '에어컨', '객실샤워실', '드라이기', '금연', '객실내취사', '객실스파']"
232,233,"['수영장', '와이파이', '전기밥솥', '무료주차', 'BBQ', '주차장', 'TV', '욕실용품', '에어컨', '객실샤워실', '드라이기', '금연', '객실내취사']"
233,234,"['와이파이', '무료주차', 'BBQ', '조식포함', '주차장', 'TV', '에어컨', '객실샤워실', '금연', '객실내취사', '객실스파']"
234,235,"['수영장', '와이파이', '전기밥솥', '무료주차', 'BBQ', '주차장', 'TV', '에어컨', '냉장고', '객실샤워실', '드라이기', '금연', '반려견동반', '객실내취사']"
235,236,"['무료주차', 'BBQ', '주차장', 'TV', '욕실용품', '에어컨', '냉장고', '객실샤워실', '금연', '객실내취사']"
236,237,"['족구장', '세미나실', '노래방', '전기밥솥', 'BBQ', 'TV', '에어컨', '냉장고', '객실샤워실', '드라이기', '금연', '객실내취사']"
237,238,"['세미나실', '무료주차', '카페', '주방/식당', '주차장', 'TV', '에어컨', '객실샤워실', '금연']"
238,239,"['수영장', '와이파이', '픽업가능', '전기밥솥', '무료주차', 'BBQ', '주차장', 'TV', '욕실용품', '에어컨', '냉장고', '객실샤워실', '드라이기', '금연', '반려견동반', '객실내취사']"
239,240,"['수영장', '와이파이', '전기밥솥', '무료주차', 'BBQ', '카페', '조식포함', '주차장', 'TV', '에어컨', '객실샤워실', '드라이기', '금연', '객실내취사', '객실스파']"
240,241,"['수영장', '족구장', '와이파이', '무료주차', 'BBQ', '주차장', 'TV', '욕실용품', '에어컨', '냉장고', '객실샤워실', '드라이기', '금연', '객실내취사']"
241,242,"['수영장', '와이파이', '픽업가능', '무료주차', 'BBQ', '주차장', 'TV', '에어컨', '객실샤워실', '금연', '객실내취사']"
242,243,"['와이파이', '픽업가능', 'BBQ', 'TV', '냉장고', '객실샤워실', '금연', '객실내취사']"
243,244,"['족구장', '세미나실', '노래방', '와이파이', '전기밥솥', 'BBQ', 'TV', '욕실용품', '에어컨', '냉장고', '객실샤워실', '드라이기', '금연', '객실내취사']"
244,245,"['전기밥솥', 'BBQ', '카페', 'TV', '에어컨', '냉장고', '객실샤워실', '금연', '객실내취사', '객실스파']"
245,246,"['와이파이', '전기밥솥', 'BBQ', 'TV', '에어컨', '냉장고', '객실샤워실', '금연', '객실내취사']"
246,247,"['족구장', '와이파이', '픽업가능', '전기밥솥', 'BBQ', 'TV', '에어컨', '냉장고', '객실샤워실', '금연', '객실내취사']"
247,248,"['족구장', '세미나실', '와이파이', '픽업가능', '무료주차', 'BBQ', '주방/식당', '주차장', 'TV', '에어컨', '냉장고', '객실샤워실', '금연', '객실내취사']"
248,249,"['와이파이', '픽업가능', '무료주차', 'BBQ', '주차장', 'TV', '에어컨', '냉장고', '객실샤워실', '금연', '객실내취사']"
249,250,"['와이파이', '무료주차', 'BBQ', '카페', '주차장', 'TV', '욕실용품', '에어컨', '냉장고', '객실샤워실', '금연', '객실내취사']"
250,251,"['전기밥솥', 'BBQ', 'TV', '욕실용품', '에어컨', '냉장고', '객실샤워실', '드라이기', '금연', '객실내취사']"
251,252,"['와이파이', '전기밥솥', 'BBQ', 'TV', '욕실용품', '에어컨', '냉장고', '객실샤워실', '드라이기', '금연', '객실내취사']"
252,253,"['픽업가능', 'BBQ', 'TV', '에어컨', '냉장고', '객실샤워실', '금연', '객실내취사']"
253,254,"['와이파이', '픽업가능', '전기밥솥', 'BBQ', 'TV', '욕실용품', '에어컨', '냉장고', '객실샤워실', '드라이기', '금연', '반려견동반', '객실내취사']"
254,255,"['수영장', '족구장', '와이파이', '픽업가능', 'BBQ', 'TV', '욕실용품', '에어컨', '냉장고', '객실샤워실', '드라이기', '금연', '객실내취사']"
255,256,"['수영장', '와이파이', '무료주차', 'BBQ', '카페', '주차장', 'TV', '욕실용품', '에어컨', '냉장고', '객실샤워실', '금연', '객실내취사']"
256,257,"['노래방', '와이파이', '무료주차', 'BBQ', '주차장', 'TV', '욕실용품', '에어컨', '냉장고', '객실샤워실', '금연', '객실내취사', '캠프파이어']"
257,258,"['족구장', '세미나실', '와이파이', '전기밥솥', 'BBQ', '주방/식당', 'TV', '욕실용품', '에어컨', '냉장고', '객실샤워실', '금연', '객실내취사']"
258,259,"['와이파이', '전기밥솥', '무료주차', 'BBQ', '주차장', '취사가능', 'TV', '욕실용품', '에어컨', '냉장고', '객실샤워실', '드라이기', '금연', '반려견동반', '객실내취사', '객실스파']"
259,260,"['와이파이', '전기밥솥', '무료주차', 'BBQ', '주차장', 'TV', '욕실용품', '에어컨', '냉장고', '객실샤워실', '드라이기', '금연', '객실내취사']"
260,261,"['전기밥솥', 'BBQ', 'TV', '욕실용품', '에어컨', '냉장고', '객실샤워실', '금연', '객실내취사']"
261,262,"['와이파이', '무료주차', 'BBQ', '주차장', '취사가능', 'TV', '욕실용품', '에어컨', '냉장고', '객실샤워실', '드라이기', '금연', '반려견동반', '객실내취사']"
262,263,"['수영장', '와이파이', '전기밥솥', '무료주차', 'BBQ', '주차장', '취사가능', 'TV', '욕실용품', '에어컨', '냉장고', '객실샤워실', '드라이기', '금연', '객실내취사', '객실스파']"
263,264,"['세미나실', '노래방', '와이파이', '전기밥솥', '짐보관가능', '무료주차', 'BBQ', '카페', '레스토랑', '편의점', '주방/식당', '세탁기', '주차장', '취사가능', 'TV', '욕실용품', '에어컨', '냉장고', '객실샤워실', '드라이기', '금연', '반려견동반', '객실내취사', '전자레인지']"
264,265,"['수영장', '와이파이', '전기밥솥', '무료주차', 'BBQ', '주차장', '취사가능', 'TV', '욕실용품', '에어컨', '냉장고', '객실샤워실', '드라이기', '금연', '객실내취사', '객실스파']"
265,266,"['와이파이', '전기밥솥', '무료주차', 'BBQ', '주차장', 'TV', '욕실용품', '에어컨', '냉장고', '객실샤워실', '드라이기', '금연', '객실내취사', '카드결제']"
